id,text
1,受访者表示社区医疗服务的便利性有了明显提升，但仍然觉得专科服务不够完善。
2,许多老年人反映智能手机操作困难，希望政府能提供更多线下服务渠道。
3,家长们普遍认为课后托管服务缓解了接送压力，但对托管质量存在担忧。
4,居民对小区物业管理满意度较低，主要不满集中在维修响应速度慢。
5,年轻白领群体更倾向于使用在线医疗咨询，认为节省了大量排队时间。
6,农村地区的教育资源分配不均问题仍然突出，师资力量明显不足。
7,受访企业主认为营商环境有所改善，但融资难的问题依然存在。
8,退休人员对养老金调整幅度基本满意，但对医疗报销比例有更高期望。
9,外卖骑手反映工作强度大、缺乏社会保障，希望纳入劳动法保护范围。
10,社区志愿者表示参与公益活动的积极性很高，但组织协调机制有待完善。
11,新市民群体在住房和子女教育方面面临较大压力，融入感不强。
12,受访者普遍支持垃圾分类政策，但认为配套设施和宣传力度还需加强。
13,中小学教师反映非教学任务过多，影响了正常的教学工作。
14,患者对基层医疗机构的信任度不高，大病小病都倾向于去大医院。
15,受访的快递从业人员表示收入不稳定，行业竞争日益激烈。
